{
  "video_path": "video/qishi3.mp4",
  "fps": 0.0,
  "total_frames": 514,
  "action_start_idx": 337,
  "action_end_idx": 465,
  "n_standard_frames": 12,
  "standard_frame_indices": [
    337,
    348,
    360,
    371,
    383,
    395,
    406,
    418,
    430,
    441,
    453,
    465
  ],
  "standard_features": [
    {
      "shoulder_width": 0.18027737736701965,
      "hip_width": 0.12124526500701904,
      "foot_distance": 0.25574803352355957,
      "hand_distance": 0.3168049018824904,
      "shoulder_to_hip_y": 0.26319247484207153,
      "left_knee_angle": 177.0502673676296,
      "right_knee_angle": 174.8700562391216,
      "left_elbow_angle": 79.3973417683729,
      "right_elbow_angle": 65.64055363825726,
      "left_shoulder_angle": 63.85145463630973,
      "right_shoulder_angle": 66.62731611138322,
      "knee_bend_average": 4.039838196624402,
      "torso_angle": 0.3095539303238668,
      "torso_vx": 0.0014219731092453003,
      "torso_vy": -0.26319247484207153,
      "arm_height_ratio": 0.0388620599927032,
      "shoulder_balance_left": 0.09013868868350983,
      "shoulder_balance_right": -0.09013868868350983,
      "hip_balance_left": 0.06062263250350952,
      "hip_balance_right": -0.06062263250350952,
      "nose_center_offset": -0.005339764058589935,
      "avg_visibility": 0.9949093282222747
    },
    {
      "shoulder_width": 0.18616780638694763,
      "hip_width": 0.11999332904815674,
      "foot_distance": 0.25378358364105225,
      "hand_distance": 0.3305898691715873,
      "shoulder_to_hip_y": 0.2595265209674835,
      "left_knee_angle": 176.67537655240776,
      "right_knee_angle": 171.55255875837503,
      "left_elbow_angle": 48.153581872699725,
      "right_elbow_angle": 36.59104781570189,
      "left_shoulder_angle": 58.30802650487647,
      "right_shoulder_angle": 62.512228352795695,
      "knee_bend_average": 5.886032344608623,
      "torso_angle": 0.3557638888739012,
      "torso_vx": 0.0016114860773086548,
      "torso_vy": -0.2595265209674835,
      "arm_height_ratio": 0.10332586341825845,
      "shoulder_balance_left": 0.09308390319347382,
      "shoulder_balance_right": -0.09308390319347382,
      "hip_balance_left": 0.05999666452407837,
      "hip_balance_right": -0.05999666452407837,
      "nose_center_offset": -0.007098563015460968,
      "avg_visibility": 0.9939840018749238
    },
    {
      "shoulder_width": 0.18976816534996033,
      "hip_width": 0.11791610717773438,
      "foot_distance": 0.25754380226135254,
      "hand_distance": 0.3140767730973394,
      "shoulder_to_hip_y": 0.2604304403066635,
      "left_knee_angle": 171.61385685192442,
      "right_knee_angle": 167.81613279062898,
      "left_elbow_angle": 12.261135304583084,
      "right_elbow_angle": 13.092599943497907,
      "left_shoulder_angle": 48.60124411556398,
      "right_shoulder_angle": 52.34847903002982,
      "knee_bend_average": 10.285005178723281,
      "torso_angle": 0.14037399226418013,
      "torso_vx": -0.0006380528211593628,
      "torso_vy": -0.2604304403066635,
      "arm_height_ratio": 0.2019545932753153,
      "shoulder_balance_left": 0.09488408267498016,
      "shoulder_balance_right": -0.09488408267498016,
      "hip_balance_left": 0.05895805358886719,
      "hip_balance_right": -0.05895805358886719,
      "nose_center_offset": -0.0036183372139930725,
      "avg_visibility": 0.9940505564212799
    },
    {
      "shoulder_width": 0.19350790977478027,
      "hip_width": 0.11805838346481323,
      "foot_distance": 0.259078711271286,
      "hand_distance": 0.31392802572960543,
      "shoulder_to_hip_y": 0.26160748302936554,
      "left_knee_angle": 165.5986584134907,
      "right_knee_angle": 164.2681058420215,
      "left_elbow_angle": 9.134511619842227,
      "right_elbow_angle": 0.4234866916087755,
      "left_shoulder_angle": 42.849825629324165,
      "right_shoulder_angle": 43.88526255397314,
      "knee_bend_average": 15.06661787224391,
      "torso_angle": 0.27893489973596286,
      "torso_vx": 0.0012736022472381592,
      "torso_vy": -0.26160748302936554,
      "arm_height_ratio": 0.31729742362533175,
      "shoulder_balance_left": 0.09675395488739014,
      "shoulder_balance_right": -0.09675395488739014,
      "hip_balance_left": 0.059029191732406616,
      "hip_balance_right": -0.059029191732406616,
      "nose_center_offset": -0.00646992027759552,
      "avg_visibility": 0.9954254388809204
    },
    {
      "shoulder_width": 0.199063241481781,
      "hip_width": 0.12129974365234375,
      "foot_distance": 0.2609751224517822,
      "hand_distance": 0.30594427510269984,
      "shoulder_to_hip_y": 0.2599666565656662,
      "left_knee_angle": 163.5542074265897,
      "right_knee_angle": 159.66480776727627,
      "left_elbow_angle": 74.67127009318298,
      "right_elbow_angle": 51.165110819352215,
      "left_shoulder_angle": 39.0471653653408,
      "right_shoulder_angle": 39.47615759292799,
      "knee_bend_average": 18.390492403067014,
      "torso_angle": 0.5760824121897551,
      "torso_vx": 0.002613931894302368,
      "torso_vy": -0.2599666565656662,
      "arm_height_ratio": 0.41503446020240553,
      "shoulder_balance_left": 0.0995316207408905,
      "shoulder_balance_right": -0.0995316207408905,
      "hip_balance_left": 0.060649871826171875,
      "hip_balance_right": -0.060649871826171875,
      "nose_center_offset": -0.007938876748085022,
      "avg_visibility": 0.9962365686893463
    },
    {
      "shoulder_width": 0.20263808965682983,
      "hip_width": 0.12240439653396606,
      "foot_distance": 0.2600580155849457,
      "hand_distance": 0.2785135367041018,
      "shoulder_to_hip_y": 0.25517168641090393,
      "left_knee_angle": 160.9273257147093,
      "right_knee_angle": 157.42157672728385,
      "left_elbow_angle": 96.8453982399639,
      "right_elbow_angle": 118.76376047841768,
      "left_shoulder_angle": 36.486867727944,
      "right_shoulder_angle": 32.04133344979594,
      "knee_bend_average": 20.82554877900344,
      "torso_angle": 0.8086720761201994,
      "torso_vx": 0.0036017298698425293,
      "torso_vy": -0.25517168641090393,
      "arm_height_ratio": 0.5052493295777306,
      "shoulder_balance_left": 0.10131904482841492,
      "shoulder_balance_right": -0.10131904482841492,
      "hip_balance_left": 0.06120219826698303,
      "hip_balance_right": -0.06120219826698303,
      "nose_center_offset": -0.004732847213745117,
      "avg_visibility": 0.9955155968666076
    },
    {
      "shoulder_width": 0.20428216457366943,
      "hip_width": 0.12338536977767944,
      "foot_distance": 0.2615810036659241,
      "hand_distance": 0.282589906787474,
      "shoulder_to_hip_y": 0.2519983798265457,
      "left_knee_angle": 158.79509256788037,
      "right_knee_angle": 157.57148856591064,
      "left_elbow_angle": 143.90477012043172,
      "right_elbow_angle": 135.71996868742062,
      "left_shoulder_angle": 33.21832913088732,
      "right_shoulder_angle": 30.35250063651708,
      "knee_bend_average": 21.816709433104506,
      "torso_angle": 1.311372221421445,
      "torso_vx": 0.005768686532974243,
      "torso_vy": -0.2519983798265457,
      "arm_height_ratio": 0.5917794732228255,
      "shoulder_balance_left": 0.10214108228683472,
      "shoulder_balance_right": -0.10214108228683472,
      "hip_balance_left": 0.06169268488883972,
      "hip_balance_right": -0.06169268488883972,
      "nose_center_offset": -0.00412498414516449,
      "avg_visibility": 0.993028074502945
    },
    {
      "shoulder_width": 0.20249688625335693,
      "hip_width": 0.12203842401504517,
      "foot_distance": 0.26209598779678345,
      "hand_distance": 0.28970561547929874,
      "shoulder_to_hip_y": 0.24920392036437988,
      "left_knee_angle": 154.46161128703758,
      "right_knee_angle": 156.68581319540561,
      "left_elbow_angle": 169.44045127534434,
      "right_elbow_angle": 146.43622071731852,
      "left_shoulder_angle": 31.880389790942044,
      "right_shoulder_angle": 31.297520037223006,